{
  "metadata": {
    "adapter": "NVIDIA GeForce RTX 4050 Laptop GPU",
    "backend": "Vulkan",
    "seed": 42
  },
  "benchmarks": [
    {
      "n": 100,
      "cpu_std_sort_us": 1.23,
      "cpu_scatter_us": 0.41,
      "cpu_radix_us": 1.26,
      "gpu_scatter_us": 479.1,
      "gpu_scatter_phases": {
        "upload_us": 12.799999999999999,
        "histogram_us": 98.9,
        "prefix_sum_us": 103.8,
        "copy_offsets_us": 89.0,
        "scatter_us": 92.0,
        "download_us": 82.60000000000001,
        "total_us": 479.1
      },
      "gpu_scatter_accuracy": 0.64,
      "gpu_collapse_k3_us": 657.2,
      "gpu_collapse_k3_phases": {
        "upload_us": 19.700000000000003,
        "slit_accumulate_us": 104.0,
        "histogram_us": 88.7,
        "prefix_sum_us": 111.39999999999999,
        "copy_offsets_us": 119.0,
        "scatter_us": 116.2,
        "download_us": 98.2,
        "total_us": 657.2,
        "k": 3
      },
      "gpu_collapse_k3_accuracy": 0.84,
      "gpu_collapse_k5_us": 639.8000000000001,
      "gpu_collapse_k5_phases": {
        "upload_us": 22.3,
        "slit_accumulate_us": 99.1,
        "histogram_us": 88.1,
        "prefix_sum_us": 98.6,
        "copy_offsets_us": 115.5,
        "scatter_us": 117.6,
        "download_us": 98.6,
        "total_us": 639.8000000000001,
        "k": 5
      },
      "gpu_collapse_k5_accuracy": 0.9,
      "gpu_radix_us": 1616.2,
      "gpu_radix_phases": {
        "upload_us": 8.8,
        "convert_us": 97.10000000000001,
        "passes_us": 1336.8,
        "convert_back_us": 89.7,
        "download_us": 83.8,
        "total_us": 1616.2
      },
      "gpu_radix_accuracy": 1.0,
      "speedup_cpu_scatter": 3.0,
      "speedup_cpu_radix": 0.9761904761904762,
      "speedup_gpu_scatter": 0.002567313713212273,
      "speedup_gpu_collapse_k3": 0.0018715763846622031,
      "speedup_gpu_collapse_k5": 0.0019224757736792746,
      "speedup_gpu_radix": 0.0007610444251949016
    },
    {
      "n": 1000,
      "cpu_std_sort_us": 8.15,
      "cpu_scatter_us": 1.7399999999999998,
      "cpu_radix_us": 8.05,
      "gpu_scatter_us": 663.1999999999999,
      "gpu_scatter_phases": {
        "upload_us": 15.400000000000002,
        "histogram_us": 95.8,
        "prefix_sum_us": 310.40000000000003,
        "copy_offsets_us": 82.89999999999999,
        "scatter_us": 82.8,
        "download_us": 75.9,
        "total_us": 663.1999999999999
      },
      "gpu_scatter_accuracy": 0.599,
      "gpu_collapse_k3_us": 701.7,
      "gpu_collapse_k3_phases": {
        "upload_us": 24.1,
        "slit_accumulate_us": 92.7,
        "histogram_us": 78.30000000000001,
        "prefix_sum_us": 278.09999999999997,
        "copy_offsets_us": 77.8,
        "scatter_us": 80.5,
        "download_us": 70.2,
        "total_us": 701.7,
        "k": 3
      },
      "gpu_collapse_k3_accuracy": 0.832,
      "gpu_collapse_k5_us": 818.9,
      "gpu_collapse_k5_phases": {
        "upload_us": 33.5,
        "slit_accumulate_us": 109.4,
        "histogram_us": 91.3,
        "prefix_sum_us": 320.9,
        "copy_offsets_us": 88.6,
        "scatter_us": 92.80000000000001,
        "download_us": 82.39999999999999,
        "total_us": 818.9,
        "k": 5
      },
      "gpu_collapse_k5_accuracy": 0.909,
      "gpu_radix_us": 1767.2,
      "gpu_radix_phases": {
        "upload_us": 8.399999999999999,
        "convert_us": 104.5,
        "passes_us": 1468.8,
        "convert_back_us": 102.30000000000001,
        "download_us": 83.2,
        "total_us": 1767.2
      },
      "gpu_radix_accuracy": 0.004,
      "speedup_cpu_scatter": 4.683908045977012,
      "speedup_cpu_radix": 1.0124223602484472,
      "speedup_gpu_scatter": 0.012288902291917975,
      "speedup_gpu_collapse_k3": 0.011614650135385492,
      "speedup_gpu_collapse_k5": 0.009952375137379413,
      "speedup_gpu_radix": 0.0046118153010411955
    },
    {
      "n": 10000,
      "cpu_std_sort_us": 107.76,
      "cpu_scatter_us": 22.68,
      "cpu_radix_us": 74.83999999999999,
      "gpu_scatter_us": 657.2,
      "gpu_scatter_phases": {
        "upload_us": 35.5,
        "histogram_us": 89.3,
        "prefix_sum_us": 281.2,
        "copy_offsets_us": 76.69999999999999,
        "scatter_us": 94.8,
        "download_us": 79.7,
        "total_us": 657.2
      },
      "gpu_scatter_accuracy": 0.6306,
      "gpu_collapse_k3_us": 836.9000000000001,
      "gpu_collapse_k3_phases": {
        "upload_us": 83.1,
        "slit_accumulate_us": 99.9,
        "histogram_us": 78.7,
        "prefix_sum_us": 313.0,
        "copy_offsets_us": 85.1,
        "scatter_us": 94.6,
        "download_us": 82.5,
        "total_us": 836.9000000000001,
        "k": 3
      },
      "gpu_collapse_k3_accuracy": 0.8405,
      "gpu_collapse_k5_us": 816.1,
      "gpu_collapse_k5_phases": {
        "upload_us": 117.0,
        "slit_accumulate_us": 101.60000000000001,
        "histogram_us": 81.60000000000001,
        "prefix_sum_us": 280.9,
        "copy_offsets_us": 77.39999999999999,
        "scatter_us": 82.2,
        "download_us": 75.4,
        "total_us": 816.1,
        "k": 5
      },
      "gpu_collapse_k5_accuracy": 0.902,
      "gpu_radix_us": 1645.4,
      "gpu_radix_phases": {
        "upload_us": 14.7,
        "convert_us": 96.89999999999999,
        "passes_us": 1358.8000000000002,
        "convert_back_us": 99.9,
        "download_us": 75.1,
        "total_us": 1645.4
      },
      "gpu_radix_accuracy": 0.001,
      "speedup_cpu_scatter": 4.751322751322752,
      "speedup_cpu_radix": 1.439871726349546,
      "speedup_gpu_scatter": 0.16396835057821058,
      "speedup_gpu_collapse_k3": 0.1287609033337316,
      "speedup_gpu_collapse_k5": 0.13204264183310868,
      "speedup_gpu_radix": 0.06549167375714111
    },
    {
      "n": 100000,
      "cpu_std_sort_us": 1448.74,
      "cpu_scatter_us": 402.71999999999997,
      "cpu_radix_us": 813.38,
      "gpu_scatter_us": 1024.1,
      "gpu_scatter_phases": {
        "upload_us": 245.5,
        "histogram_us": 104.3,
        "prefix_sum_us": 289.5,
        "copy_offsets_us": 82.5,
        "scatter_us": 137.3,
        "download_us": 165.0,
        "total_us": 1024.1
      },
      "gpu_scatter_accuracy": 0.63238,
      "gpu_collapse_k3_us": 2085.6,
      "gpu_collapse_k3_phases": {
        "upload_us": 964.2,
        "slit_accumulate_us": 189.2,
        "histogram_us": 90.2,
        "prefix_sum_us": 515.9,
        "copy_offsets_us": 80.7,
        "scatter_us": 119.6,
        "download_us": 125.8,
        "total_us": 2085.6,
        "k": 3
      },
      "gpu_collapse_k3_accuracy": 0.84905,
      "gpu_collapse_k5_us": 2693.1,
      "gpu_collapse_k5_phases": {
        "upload_us": 1332.3,
        "slit_accumulate_us": 236.1,
        "histogram_us": 114.7,
        "prefix_sum_us": 632.5,
        "copy_offsets_us": 123.29999999999998,
        "scatter_us": 123.10000000000001,
        "download_us": 131.1,
        "total_us": 2693.1,
        "k": 5
      },
      "gpu_collapse_k5_accuracy": 0.90716,
      "gpu_radix_us": 2149.0,
      "gpu_radix_phases": {
        "upload_us": 80.6,
        "convert_us": 101.7,
        "passes_us": 1745.3,
        "convert_back_us": 97.10000000000001,
        "download_us": 124.30000000000001,
        "total_us": 2149.0
      },
      "gpu_radix_accuracy": 0.00045,
      "speedup_cpu_scatter": 3.597387763210171,
      "speedup_cpu_radix": 1.781135508618358,
      "speedup_gpu_scatter": 1.4146470071282102,
      "speedup_gpu_collapse_k3": 0.6946394322976602,
      "speedup_gpu_collapse_k5": 0.5379451190078348,
      "speedup_gpu_radix": 0.6741461144718474
    },
    {
      "n": 1000000,
      "cpu_std_sort_us": 17380.333333333336,
      "cpu_scatter_us": 17526.63333333333,
      "cpu_radix_us": 12678.833333333334,
      "gpu_scatter_us": 45083.49999999999,
      "gpu_scatter_phases": {
        "upload_us": 42203.4,
        "histogram_us": 489.2,
        "prefix_sum_us": 707.5,
        "copy_offsets_us": 107.7,